Date/Time,Environment:Site Outdoor Air Drybulb Temperature [C](Hourly),Environment:Site Diffuse Solar Radiation Rate per Area [W/m2](Hourly),Environment:Site Direct Solar Radiation Rate per Area [W/m2](Hourly),SOUTHWALL:Surface Inside Face Conduction Heat Transfer Rate [W](Hourly),SOUTHWALL:Surface Outside Face Conduction Heat Transfer Rate [W](Hourly),NORTHWALL:Surface Inside Face Conduction Heat Transfer Rate [W](Hourly),NORTHWALL:Surface Outside Face Conduction Heat Transfer Rate [W](Hourly),EASTWALL:Surface Inside Face Conduction Heat Transfer Rate [W](Hourly),EASTWALL:Surface Outside Face Conduction Heat Transfer Rate [W](Hourly),WESTWALL:Surface Inside Face Conduction Heat Transfer Rate [W](Hourly),WESTWALL:Surface Outside Face Conduction Heat Transfer Rate [W](Hourly),FLOORSURFACE:Surface Inside Face Conduction Heat Transfer Rate [W](Hourly),FLOORSURFACE:Surface Outside Face Conduction Heat Transfer Rate [W](Hourly),ROOFSURFACE:Surface Inside Face Conduction Heat Transfer Rate [W](Hourly),ROOFSURFACE:Surface Outside Face Conduction Heat Transfer Rate [W](Hourly),MAINZONE:Zone Mean Air Temperature [C](Hourly) 
 01/01  01:00:00,-4.5,0.0,0.0,-24.72939211643748,187.6049146067742,-62.84146008147232,184.4327329938829,-21.12300386878637,93.09723934831561,-29.06250113874414,92.16900665488207,536.3043114779273,-500.40916669039177,-400.89156787781775,358.84706205913875,15.655259503767743 
 01/01  02:00:00,-3.0,0.0,0.0,-26.865072245484214,187.5357767246357,-64.07725461834005,183.99016013208777,-21.968326717284725,93.11732129914118,-29.67273953615006,91.9032110071052,539.5642660120217,-508.89607743107774,-399.3170032890715,191.0634143879868,15.634955343205526 
 01/01  03:00:00,-3.625,0.0,0.0,-30.3408941681829,210.01964412301103,-66.62824777179608,205.71895213985908,-23.441030167239703,103.56053093973522,-30.923482089715932,103.5932041259402,540.8036350641353,-516.1696805154406,-390.5318090744388,490.25015641350114,15.622667069326754 
 01/01  04:00:00,-2.75,0.0,0.0,-32.66492964031883,173.19012108809042,-68.00079348350778,171.21786498228948,-24.36698719344882,85.92647020063242,-31.63384769235755,85.47961201195902,544.8234698829865,-522.187816407579,-390.441357876149,50.82407831847675,15.603800925883945 
 01/01  05:00:00,-2.0,0.0,0.0,-38.02117018262152,173.32858764741493,-72.41086356492445,170.02864214911537,-26.719795541492317,85.94377423584302,-33.78016423954861,85.05085789830441,542.6529719365747,-527.4217545090067,-370.2619106159682,-173.7394592235985,15.603356884001204 
 01/01  06:00:00,-1.375,0.0,0.0,-45.01882525949185,167.34848446074272,-78.54603553163656,164.5559623557815,-29.903952226742447,82.85953060693683,-36.781168462206324,82.42964391753546,536.7306174593225,-531.220457956782,-345.4895527522722,272.42314704005963,15.619699621715707 
 01/01  07:00:00,-1.0,0.0,0.0,-48.89576649734636,164.5586001055637,-81.49382831389474,161.86036993101487,-31.592292513659785,81.48861069852609,-38.27781960533805,81.03657503428643,537.4561006900863,-532.9889503609309,-338.535752968147,126.49708624865745,15.617653359350784 
 01/01  08:00:00,-1.0,18.9375,156.9375,-53.037886656196065,-45.227122489917264,-84.6900102071335,140.65111288239973,-33.383130258274534,-56.95684034596341,-39.87653204656276,70.1778146792878,537.3233974579207,-534.0580117336074,-325.78197265278106,-371.3559242572927,15.617097165534496 
 01/01  09:00:00,-0.375,80.5625,367.4375,-64.66412753840018,-111.42111261002778,-95.46014262261522,105.44253486860532,-38.74498446229488,-44.09141746226163,-45.06845088398691,52.530105896146154,521.2074618931325,-534.7048741055119,-268.28654032117095,-1349.6529896870768,15.660398201510926 
 01/01  10:00:00,1.25,74.375,152.625,-78.7618694825646,-12.745851247576297,-108.9483907515222,87.00660443890034,-45.380624761560284,35.57206190464607,-51.63101931298655,43.70207224256018,499.10467142260586,-532.2060888174661,-209.19325664807732,-685.4863258509075,15.7371467053981 
 01/01  11:00:00,2.0,166.0,546.0,-97.33135262652567,-332.8795669274807,-127.26409299498116,49.89774761216185,-54.00528179471287,-32.42962497211191,-60.4346612147846,23.54557570814297,467.5374599639099,-525.2407946218555,-112.96450506997766,-2724.0726021386845,15.82179098192795 
 01/01  12:00:00,1.375,195.0625,280.875,-118.07619977736934,62.69506990533306,-148.65211345930234,111.24598376369704,-63.826961268439106,83.52536161788429,-70.8303578318025,51.18353546362071,429.2891120986724,-512.8660248246916,-22.09103399566885,1551.1098238152624,15.95124907423792 
 01/01  13:00:00,2.25,200.125,92.75,-109.08934040222817,79.67274381395579,-140.8477144717493,76.28823143256369,-59.579713052750805,44.815039918928434,-67.32518064247351,29.060308368116253,449.11660208469186,-495.29540719882164,-76.73663713196905,566.5314306456637,15.936966703258626 
 01/01  14:00:00,2.375,140.5625,15.0,-99.94713771300283,147.14758896934148,-133.7217061056309,117.4855217233656,-55.475866809515324,60.66678286596357,-64.02394310744761,55.970310353430285,465.049449104464,-483.01537844489104,-115.15617254437569,1202.4293791432203,15.909108513337344 
 01/01  15:00:00,1.375,63.5,0.75,-86.97041773892934,159.64247101966498,-123.21746818768361,145.73836078033298,-49.85557912381644,74.40336991656892,-59.08608900313823,74.42028649653707,486.15237348734865,-477.75538868235543,-174.30363410615334,1238.8211337703417,15.858789911368618 
 01/01  16:00:00,1.0,44.1875,31.875,-74.82909107002925,99.07942934070562,-113.29765223404834,136.37605547997288,-44.682016624315466,69.57007295557935,-54.3453032090607,42.724781582125814,505.0895581914759,-478.5319316232247,-223.27991180047138,508.8606324520081,15.798078548346954 
 01/01  17:00:00,0.375,8.4375,74.375,-68.37838075555695,157.35156486763424,-108.54728368146368,162.33923068161766,-42.15793848662031,82.45423817598618,-52.04739578279991,69.31763704664348,513.0688880533398,-483.7617257409718,-246.1771572659232,888.4996574265331,15.764879138551457 
 01/01  18:00:00,-0.625,0.0,0.0,-61.19305869037049,182.82894404067332,-102.36289448815612,169.36190702327372,-39.12699410090937,85.88818614438478,-49.0575918148712,90.93592376702851,524.2737186249783,-490.4569527633498,-277.5861368457591,688.8617444169889,15.721921985406395 
 01/01  19:00:00,-1.625,0.0,0.0,-55.85590600482519,185.04266412868753,-97.48540092049524,179.35547332209586,-36.83466598197171,90.81563023674678,-46.62738912566404,90.28693808178377,533.3821361126496,-498.0520780806401,-300.5651588141691,644.6447401249677,15.68231158793932 
 01/01  20:00:00,-3.25,0.0,0.0,-51.77253246074656,206.99156377964394,-93.49897310548968,201.63573714684966,-35.05371862779491,101.91042807106352,-44.57676610517076,101.53346163506484,541.3503864797406,-506.1496530030112,-320.6314874513769,765.8541658758871,15.646295398054468 
 01/01  21:00:00,-4.625,0.0,0.0,-47.54578091083985,214.55057328508295,-89.01446191323032,209.95557299051762,-33.098877754258496,106.00795155193791,-42.29460893540633,105.30389161614889,551.186013374918,-514.3214517175579,-344.0943692020469,734.4220720072994,15.604489235167991 
 01/01  22:00:00,-5.625,0.0,0.0,-43.987545306786444,222.67164247879748,-84.90985777672904,218.57276733499086,-31.36083860744904,110.26444192063552,-40.225713352539145,109.4459049661763,561.0828459689259,-522.7805657068202,-365.30168533474233,714.7402840942319,15.561509796405286 
 01/01  23:00:00,-6.625,0.0,0.0,-41.33558858318182,232.29779951681286,-81.51485861131249,227.80015113111835,-29.982712611254954,114.85429912442268,-38.53543795203521,114.30391967605607,570.3671472028886,-531.5785688931527,-383.5154603379457,639.0479896547965,15.519946591507429 
 01/01  24:00:00,-7.0,0.0,0.0,-39.99594957283861,228.28088552727658,-79.30739755222149,223.9444370828181,-29.18052405954441,112.88663646970903,-37.4437695410969,112.35971024175527,578.0847411940726,-540.5151929027483,-395.8866242441036,473.7920089958777,15.483017175207411 
 01/02  01:00:00,-8.25,0.0,0.0,-39.590946180652224,256.80437765742187,-77.9770793271095,253.69432952392572,-28.80530029263703,127.67432067480964,-36.802898593972415,126.76627755874951,584.8052591210404,-549.2350283963631,-405.8086178913878,1010.1731187738807,15.451134389015387 
 01/02  02:00:00,-9.625,0.0,0.0,-35.47063328173337,274.8039632081736,-72.80982810935939,271.3297039634007,-26.627796594924575,136.4836364123825,-34.36068169599352,135.78454812464057,600.3567981687183,-557.6628781679574,-439.2727371275753,1270.072092628639,15.392580116285316 
 01/02  03:00:00,-10.0,0.0,0.0,-29.663593797710206,258.89517282803894,-65.82580014650375,255.5828239761845,-23.57942717482608,128.57518470194935,-31.039835365274513,127.8882615280644,620.5565212957097,-567.3041735812717,-478.79435167306144,766.5313451970653,15.313880138489102 
 01/02  04:00:00,-10.625,0.0,0.0,-28.238215900826305,267.4171574659307,-63.296795275004314,264.1774832463126,-22.61832588637887,132.74668057883395,-29.833230620449243,132.27649833040812,631.9976086929245,-579.078085081376,-492.472843047779,429.3699332205982,15.259138547006032 
 01/02  05:00:00,-11.625,0.0,0.0,-30.32410358949548,279.81355204220233,-64.42261133551227,276.5787187898042,-23.38442007149432,139.07378192444835,-30.39018194649877,138.37928107923102,636.3325210179937,-591.2461852896143,-490.87124464484634,558.4325935250746,15.22967982828285 
 01/02  06:00:00,-13.875,0.0,0.0,-31.066115968437202,325.2750796679494,-64.21536076801033,322.29578582314787,-23.53151534242592,161.8321981143367,-30.33584379156295,161.2027862701713,644.3113045961979,-602.0334298262285,-500.87332040040224,1295.3616687767508,15.193099486805222 
 01/02  07:00:00,-14.375,0.0,0.0,-27.102928684322762,301.9316896773793,-59.18330940017327,299.33118978348256,-21.39681055011387,150.16932075818522,-27.97994335659567,149.73599745659877,663.3867052598091,-612.0904898363151,-536.6673982847967,804.6858357870477,15.119721724817293 
 01/02  08:00:00,-13.375,14.0625,54.375,-26.600700914023037,196.5324808803183,-57.64061765996914,267.6480063839132,-20.885038324957392,82.23047516092485,-27.25544173446778,133.8896351009729,675.7627585756254,-623.4979042337486,-547.5144146449016,91.83519395784074,15.062953236244002 
 01/02  09:00:00,-11.75,66.3125,127.8125,-34.43581897060369,94.46864925781091,-64.6619937969939,207.44407347428825,-24.406921217392892,49.20356355595104,-30.61228839141151,104.27307216278793,670.402137721338,-635.3566526968152,-512.6270406335913,-675.2378840263227,15.06344368969168 
 01/02  10:00:00,-8.5,78.9375,10.4375,-47.46626251400883,233.88659997888186,-77.09742264062342,176.10959277767725,-30.49890698255595,117.5955511741784,-36.603972181516795,87.96763730721004,654.2324017576946,-644.043180384864,-457.9944300264269,-170.02147304142278,15.108483382500776 
 01/02  11:00:00,-6.375,107.9375,58.875,-58.42492835149926,-11.83514366026268,-87.57311104503472,135.29900803754686,-35.57600849123361,45.29336971919909,-41.68688516949629,67.69005103435148,643.3964988622193,-647.520182090942,-415.4885769034185,-1348.3997335084237,15.141098745257088 
 01/02  12:00:00,-6.0,186.375,273.5625,-82.8665192498525,-226.38389737715505,-111.87192558438355,96.49021222581324,-47.0433433241881,43.07010229736848,-53.329247884660234,48.28985419377432,604.294459984456,-646.8593790830439,-289.8788712553207,-3097.1016936216474,15.253369572350202 
 01/02  13:00:00,-5.375,177.8125,171.875,-113.63749799954945,135.5944732628823,-142.85072081075498,160.1082419669611,-61.73935031268719,87.00894968525022,-68.2985221074317,62.6906670910599,551.1839127948662,-638.44307450033,-151.88012796561168,811.5828163917442,15.429050439451267 
 01/02  14:00:00,-5.0,89.8125,125.0,-111.69923832045058,-14.509854334555087,-141.20101261143716,154.92148197072976,-61.015557334585324,78.69627880706985,-67.77366873382981,14.403391387579191,564.4023669350361,-620.9389166998208,-189.9926726916683,736.5553645533297,15.432690348651862 
 01/02  15:00:00,-5.625,110.8125,449.25,-110.92201778197179,-75.47985823372082,-141.26782057843272,169.6922865184854,-60.97127649917283,85.77292433050766,-67.85045216267562,-31.68369489706007,571.3675859314122,-606.4856691143746,-184.1284074845115,-128.73071904626795,15.419504263918162 
 01/02  16:00:00,-6.625,31.6875,61.8125,-106.56396709978765,343.1748354821134,-138.47203080627182,237.21171629927034,-59.716556680927866,119.44638668026906,-66.64066308470694,151.0623471382862,581.5373057553998,-597.5962025694585,-220.4974957041283,2840.6172299409036,15.416788662802126 
 01/02  17:00:00,-7.625,7.0,56.875,-83.70321196292366,237.63839592420777,-117.2795062672381,238.50367029974967,-49.7021467014536,120.02944548833653,-56.32329880272813,109.76755289753896,628.0585236431718,-593.3874776530871,-334.24227108447633,1463.2092020704179,15.282524949079026 
 01/02  18:00:00,-8.0,0.0,0.0,-69.5042370387722,245.4846377445044,-105.11818125359056,231.29689713274348,-43.97680699367413,116.38928759726026,-49.9711045012981,122.44746557953964,654.7897521783426,-599.1059169146397,-395.37638604650596,852.4070416294531,15.186077045879347 
 01/02  19:00:00,-8.625,0.0,0.0,-62.57153785633875,246.84790245736522,-100.16086078453213,240.5507523402352,-41.709220472781254,120.98948108898702,-46.91835280253315,121.57178003627621,666.6089770803751,-610.8855637090173,-420.22813669395,604.1208340528407,15.128902285915371 
 01/02  20:00:00,-10.25,0.0,0.0,-59.19220394224425,270.5276172540544,-98.3005646196834,265.10813852507056,-40.95719361529305,133.23711589579506,-45.391332128487036,133.4069763534298,672.7600842266952,-623.6796783362564,-433.2923247853823,825.9730602710853,15.091581633763283 
 01/02  21:00:00,-11.0,0.0,0.0,-55.561637008160716,265.31723167933,-95.53282041409474,260.86908523745524,-39.80449073107472,131.07008437974105,-43.5723888246315,130.9143246763142,681.9264224674655,-635.3460689861919,-452.8405207412609,767.4783009293236,15.047515546914005 
 01/02  22:00:00,-11.0,0.0,0.0,-52.853312297952186,262.23115823274486,-93.10453033777165,258.28009037060826,-38.823075586727924,129.74380868847499,-42.063451980451276,129.45186427794033,691.3989777309453,-646.2337883521997,-469.46585727353875,679.0583953578405,15.003031885122295 
 01/02  23:00:00,-11.625,0.0,0.0,-51.78884139807721,274.30241568561826,-91.90298390469664,269.8847591899436,-38.43211012172915,135.53635059636918,-41.27084596252075,135.52107178588184,699.1817014110012,-656.7305358702085,-479.91978496190376,589.3543479942244,14.964412894185378 
 01/02  24:00:00,-12.0,0.0,0.0,-52.08321018370256,272.03245013436907,-91.76973198561143,268.0312382143158,-38.556082043998146,134.56851253317132,-41.09122733538982,134.46363459121088,705.531814623029,-666.6519375573557,-485.69078707376167,562.470545082374,14.931679141353019 
