Date/Time,Environment:Site Outdoor Air Drybulb Temperature [C](Hourly),Environment:Site Diffuse Solar Radiation Rate per Area [W/m2](Hourly),Environment:Site Direct Solar Radiation Rate per Area [W/m2](Hourly),SOUTHWALL:Surface Inside Face Conduction Heat Transfer Rate [W](Hourly),SOUTHWALL:Surface Outside Face Conduction Heat Transfer Rate [W](Hourly),NORTHWALL:Surface Inside Face Conduction Heat Transfer Rate [W](Hourly),NORTHWALL:Surface Outside Face Conduction Heat Transfer Rate [W](Hourly),EASTWALL:Surface Inside Face Conduction Heat Transfer Rate [W](Hourly),EASTWALL:Surface Outside Face Conduction Heat Transfer Rate [W](Hourly),WESTWALL:Surface Inside Face Conduction Heat Transfer Rate [W](Hourly),WESTWALL:Surface Outside Face Conduction Heat Transfer Rate [W](Hourly),FLOORSURFACE:Surface Inside Face Conduction Heat Transfer Rate [W](Hourly),FLOORSURFACE:Surface Outside Face Conduction Heat Transfer Rate [W](Hourly),ROOFSURFACE_SOUTH:Surface Inside Face Conduction Heat Transfer Rate [W](Hourly),ROOFSURFACE_SOUTH:Surface Outside Face Conduction Heat Transfer Rate [W](Hourly),ROOFSURFACE_NORTH:Surface Inside Face Conduction Heat Transfer Rate [W](Hourly),ROOFSURFACE_NORTH:Surface Outside Face Conduction Heat Transfer Rate [W](Hourly),MAINZONE:Zone Mean Air Temperature [C](Hourly) 
 01/01  01:00:00,-4.5,0.0,0.0,-16.19091190389659,110.05739010441202,-39.21231884585865,108.16341850666674,-19.78915177768858,79.26400678435814,-26.68664387543169,78.47489296090225,295.52341819560525,-280.10936579556005,-97.9697768510996,71.65673282517476,-96.92444431974461,82.98286320563413,15.228878444300367 
 01/01  02:00:00,-3.0,0.0,0.0,-17.458978293267705,109.98110705220171,-39.9297236183985,107.85378894333513,-20.51646971474736,79.20381721774561,-27.205467496947325,78.17047626270053,296.97595265695963,-283.7298103453404,-96.61906638322455,31.69472729985756,-96.35156826903548,38.13885937443477,15.210949848551468 
 01/01  03:00:00,-3.625,0.0,0.0,-19.386991336998506,123.48844338171685,-41.295281721216895,120.90101123979863,-21.699323157119625,88.3536790777809,-28.192291134824572,88.35197603485469,297.6884823822795,-286.86963779998086,-93.99468682393058,120.34371365553594,-93.8382331840755,112.87595666417509,15.200427419006864 
 01/01  04:00:00,-2.75,0.0,0.0,-20.58698359858539,101.38560207897387,-41.909544605490055,100.21960136252237,-22.363671477229897,73.01112946250251,-28.66426711660759,72.62904897128561,299.75399012897174,-289.5031551013378,-93.91340080397228,0.8076938465447547,-93.66097506579885,16.619242765990577,15.18118780135617 
 01/01  05:00:00,-2.0,0.0,0.0,-23.210196461139788,101.44281733226701,-43.95263828203949,99.46505146450457,-24.01932099081291,73.00622760947925,-30.136042662464497,72.21525305803203,299.58996764951917,-291.8681506125131,-88.70116478050717,-37.02871612840833,-88.96983440697973,-35.87404236552772,15.178981326418386 
 01/01  06:00:00,-1.375,0.0,0.0,-26.573743127583725,97.94210323618262,-46.77896216353423,96.27232380509491,-26.224129613082418,70.40933148387265,-32.17474782920019,70.05491708444255,298.0005970865018,-293.7474605246921,-82.82019360466661,62.158764053286475,-83.19513659935794,61.78522795457535,15.18962610822255 
 01/01  07:00:00,-1.0,0.0,0.0,-28.510132404122942,96.20806817189765,-48.143490273036775,94.59754198031183,-27.413804961508482,69.13019043891428,-33.19279515807065,68.73541712692597,298.7790527319037,-294.9072973745215,-80.90528395799973,27.6110793256275,-81.41762636043862,28.043414252927725,15.184264663511575 
 01/01  08:00:00,-1.0,18.9375,156.9375,-30.62297475593124,-29.664407380890136,-49.680125698995624,81.88255467820194,-28.71546265632549,-50.33934350212693,-34.32425357279894,59.49416328988223,299.1791315876526,-295.8160901301733,-77.1316812775491,-225.42026068032078,-78.4429891514992,-26.151562529083336,15.18139842124729 
 01/01  09:00:00,-0.375,80.5625,367.4375,-36.69178060892074,-69.38965318867457,-55.23252803344636,60.754859066870864,-32.81069515161728,-39.41938390894924,-38.26988462340831,44.30017672613915,293.00945300462604,-296.54398115254367,-54.32483266217797,-493.9645514655747,-71.21434601032804,-114.28060097969582,15.222837782432626 
 01/01  10:00:00,1.25,74.375,152.625,-43.32451092913806,-10.161208627296048,-61.4786204756696,49.70551342476344,-37.35422097284632,29.625319953900025,-42.74286991893894,36.55888099938051,285.3456700282443,-295.9978360778023,-36.34526865164375,-131.27028054472643,-62.38466365669359,-189.38282876978025,15.283716528816337 
 01/01  11:00:00,2.0,166.0,546.0,-52.10609874076414,-202.26883828848133,-70.09730858405999,27.41267852487139,-43.30200392339309,-28.57041496527098,-48.84632839478395,19.375563154775286,274.32926195241043,-293.7917318513023,-8.757891456579985,-954.5096177569327,-43.785959634853725,-433.7295512770289,15.35353199973045 
 01/01  12:00:00,1.375,195.0625,280.875,-62.80565066820583,35.0910719667047,-81.16007169253763,64.214504579043,-50.68364761350852,71.28938372128499,-56.72547429359178,43.11500031301831,258.9487623242894,-289.6090055907905,21.675479202409463,474.7069281538586,-26.634132636647074,191.62215159864928,15.457235383995544 
 01/01  13:00:00,2.25,200.125,92.75,-58.79353120783668,45.290030848673226,-77.87200754080968,43.25630177440303,-47.84221629972897,37.57921412901755,-54.542603155344445,24.116615433899735,265.59423726017644,-283.2416246342091,2.7852161639915956,295.29587409284005,-30.78702838774047,14.512284461195858,15.452656863790049 
 01/01  14:00:00,2.375,140.5625,15.0,-54.017714158953,85.77449733083044,-74.33223096679461,67.97042096658342,-44.71371362077197,51.20515966936275,-52.12812134626793,47.01488668543806,271.8420680210836,-278.61696148305714,-15.556730662370345,396.6471687227636,-32.77455536255446,216.98374128393,15.430694748445331 
 01/01  15:00:00,1.375,63.5,0.75,-47.1988932635779,93.27168603319066,-69.00699167060392,84.92262653376305,-40.41963536274828,62.98139460088331,-48.433566105650286,63.00715071904602,280.24425663783336,-276.6280024050036,-36.09835366754173,357.22928014417766,-43.00720286631934,277.9293244653646,15.382029162538764 
 01/01  16:00:00,1.0,44.1875,31.875,-40.75805190803473,56.9402520583805,-63.909641830829884,79.31976342838979,-36.45200000321516,58.84283597196896,-44.84535624490404,36.02724651078696,287.99673706692465,-277.0096116112102,-51.14227842762614,109.31089243568928,-53.65084547810066,142.17211113352127,15.32445419694574 
 01/01  17:00:00,0.375,8.4375,74.375,-37.44393281774555,91.89708072319533,-61.622898978091285,94.88938858044594,-34.62435832510546,69.90481878373625,-43.213827001308246,58.58564704292278,291.0747083861545,-279.17806382116487,-55.85433995462593,228.7551931244799,-60.020868331320735,203.0906751128947,15.294532776404983 
 01/01  18:00:00,-0.625,0.0,0.0,-33.8674674314353,107.17892956620089,-58.65472403527073,99.09403605877623,-32.474573193179296,72.94663482848173,-41.098654519382514,77.28901889119226,295.32137135006155,-281.90431955452186,-64.91866392011944,200.84492010111106,-67.01250178421742,157.80772433314124,15.255815146380643 
 01/01  19:00:00,-1.625,0.0,0.0,-31.014712662690442,108.50630894486116,-56.07586720239948,105.09233808849332,-30.702646027682153,77.25202694991151,-39.20227796020156,76.80435883348028,299.2413898481959,-284.9325589851387,-72.24855820798412,163.93457643691042,-72.1097832183361,155.57479768072247,15.217874909129211 
 01/01  20:00:00,-3.25,0.0,0.0,-28.946311005255012,121.65191066531386,-54.06386096107835,118.42958131151275,-29.40113874171403,86.92240681211439,-37.66188021062542,86.63526844594075,302.51897429060296,-288.1996445696966,-77.65293758676017,192.25417367768256,-76.96345409163928,187.93502639193724,15.184353556807402 
 01/01  21:00:00,-4.625,0.0,0.0,-26.85757515380152,126.20542168813041,-51.81824225935139,123.44742743174751,-27.989187152706346,90.50991332025676,-35.961674361715964,89.92710870068129,306.5353347669268,-291.52077059834255,-83.64841205613914,178.90203324995483,-82.78057128760634,179.48554184456913,15.145523343645538 
 01/01  22:00:00,-5.625,0.0,0.0,-25.16115697189298,131.0895574530088,-49.791845531669196,128.6350104722921,-26.762604944068734,94.23980282081794,-34.444716881696365,93.55185842217574,310.5833871320483,-294.96516190083844,-88.79106893785513,170.2723744372557,-88.02919435130931,174.3642876287289,15.106088718257574 
 01/01  23:00:00,-6.625,0.0,0.0,-23.94133860242286,136.83290149174638,-48.123961642495374,134.12651775394667,-25.806303579225787,98.20808655832786,-33.214951727499766,97.7601814530169,314.4252406523999,-298.55228689782575,-93.13918566775953,162.32637493239525,-92.53105019670227,156.31878953843534,15.06804868694006 
 01/01  24:00:00,-7.0,0.0,0.0,-23.286956423478017,134.42405346603417,-46.94342688722773,131.81722336268618,-25.201754162832927,96.49245480670858,-32.35614675351468,96.06473870112933,317.87715698685497,-302.20999043569054,-96.49323863120236,121.79926924765152,-95.60857801561198,114.98210683121067,15.033005300765257 
 01/02  01:00:00,-8.25,0.0,0.0,-23.121514039813746,151.66743140263566,-46.214258943021576,149.8233563721671,-24.91896300669027,109.51388814603735,-31.839148939669432,108.73285563936746,320.94170043733766,-305.8346934372862,-99.01097305150883,234.45267913668806,-98.05539729011645,246.57431724990272,15.002128327902888 
 01/02  02:00:00,-9.625,0.0,0.0,-21.270486662072273,162.417832868916,-43.73018990394149,160.33426713168527,-23.420711606739744,117.17453284056579,-30.109191366448798,116.57601105684134,327.2191918418848,-309.39482737773756,-106.67084831198667,305.5865849269732,-106.23548956483822,309.54480890125393,14.947581984969801 
 01/02  03:00:00,-10.0,0.0,0.0,-18.548931897010192,152.886852515403,-40.302469144854115,150.9051868532771,-21.26240908253753,110.28066460712417,-27.71451249187959,109.69526341750145,335.50068300700514,-313.4308473734609,-116.07288351645002,185.0124492964644,-115.89147157230386,186.73552592512988,14.874716001161186 
 01/02  04:00:00,-10.625,0.0,0.0,-17.940139075631834,157.93814371390437,-39.030394922623174,156.00063933674375,-20.593946086969265,113.83327536933149,-26.832467460565873,113.43423743059668,340.5345012389639,-318.3207677254386,-119.17149123036747,99.10834841819724,-119.25550549447347,101.34768325899374,14.824121744458743 
 01/02  05:00:00,-11.625,0.0,0.0,-19.037018140534002,165.37744349596227,-39.54511633402382,163.44090277246417,-21.16421729044434,119.36290595005748,-27.218705466934846,118.76510027545173,342.812017656257,-323.41945155189137,-118.74804919864121,139.6713035782235,-118.80377850082706,139.27172022880126,14.795976639909059 
 01/02  06:00:00,-13.875,0.0,0.0,-19.388055262392243,192.65395674280336,-39.314572499083596,190.87610894899098,-21.218567252031672,139.11781129882883,-27.094059412442213,138.62502804367853,346.6491526280656,-328.0367535790083,-121.3798851357613,318.61016995294824,-121.42658983297024,321.5008599649226,14.75876494842479 
 01/02  07:00:00,-14.375,0.0,0.0,-17.413225222885245,178.64221738017028,-36.68878417102894,177.09315238178,-19.604590682931427,128.9381470123045,-25.28526621493824,128.61338393904762,354.8966642265632,-332.43765668248557,-130.22315512152545,195.58213994349697,-130.48749342786817,204.92498305272727,14.686864095724072 
 01/02  08:00:00,-13.375,14.0625,54.375,-17.122943678979794,115.41356732673228,-35.768852571479925,158.0989296557081,-19.164463238705487,70.90417536044943,-24.6588373481298,114.92947166102849,360.7003333180958,-337.4427028053067,-132.59963031609917,-31.639756596818422,-133.63848101464635,48.09276738240125,14.631395264385606 
 01/02  09:00:00,-11.75,66.3125,127.8125,-21.13610454423562,54.20141726791537,-39.29136665410857,122.03839007904175,-21.805392618742104,41.01743405613501,-27.15473292186298,89.20972420469016,359.26322365518786,-342.7103515599308,-120.18197983391403,-273.7346520946383,-127.92741489278998,-59.87183528954715,14.631981388330374 
 01/02  10:00:00,-8.5,78.9375,10.4375,-27.51486227838234,137.90262122702438,-45.303369284720134,103.2307760701488,-26.169682375368513,100.62175865790131,-31.4275412997232,74.89670526689179,353.81081406736234,-346.76906534536306,-103.73089797409935,31.440619211214063,-117.67042709826698,-105.57748048754681,14.669768767994112 
 01/02  11:00:00,-6.375,107.9375,58.875,-32.740588289531075,-9.602758380246271,-50.226214550672324,78.72307025176872,-29.687079565224643,37.678731170432805,-34.9461518283968,57.22894874114215,350.70854195704806,-348.82948918006105,-96.30348787549931,-403.1212402465952,-104.83812905093757,-256.3977621895856,14.692938329851664 
 01/02  12:00:00,-6.0,186.375,273.5625,-44.493971152907136,-138.3383740076949,-61.88757920876429,55.429711347707,-37.77503341671472,35.75137072703206,-43.18526543927062,40.31815238413721,336.9622620108828,-349.3662520948619,-59.188890862862124,-989.7800629710315,-81.01841191342163,-514.6837137807094,14.789953669622385 
 01/02  13:00:00,-5.375,177.8125,171.875,-59.307650718702405,78.86468760475876,-76.80957806550896,93.57956511593522,-48.14526774318806,74.69708761316424,-53.788097786869415,53.512001683085785,317.4610794450166,-347.0196844045977,-18.487931808516077,309.80510881761535,-55.29240363163578,80.7126492494998,14.937379531007018 
 01/02  14:00:00,-5.0,89.8125,125.0,-58.31000793161044,-11.171986410453258,-75.97713595008557,90.53236596453799,-47.530104765709275,66.68892936698018,-53.345151360081424,10.674798127441917,322.80471390562934,-341.20256309672345,-33.8137749987128,171.96896079384103,-57.805052681668926,185.40949395535858,14.930652223770748 
 01/02  15:00:00,-5.625,110.8125,449.25,-57.79050961073267,-47.789650132015154,-75.97516331967839,99.33020298076877,-47.45056780020886,73.51574844887318,-53.37629830964099,-27.78077035381563,326.2653926243727,-336.45748926098986,-28.447151725754853,-195.18881528660023,-60.44628364183122,113.12672192147409,14.914370809850979 
 01/02  16:00:00,-6.625,31.6875,61.8125,-55.78152104827251,203.44236635953695,-74.90337348822209,139.86177069139362,-46.707224253918405,102.19566466327879,-52.67077222764184,129.68745574950893,329.84206304114014,-333.7870438131465,-35.86743922810369,925.1015818979404,-69.20064855647615,448.38760373203627,14.905999711484036 
 01/02  17:00:00,-7.625,7.0,56.875,-44.739077864605036,140.13228494160344,-64.88010966127965,140.66926964041696,-39.73014013510304,102.75952821075799,-45.43184494038741,93.96103197318624,347.55823319141314,-332.7374117720201,-72.79931219207107,414.49182488702644,-86.56964803561738,296.8726280413547,14.785288106959314 
 01/02  18:00:00,-8.0,0.0,0.0,-37.65470793680191,144.83039134522983,-59.03592082654583,136.32257603412256,-35.70176349944046,99.59817012550411,-40.85447033291742,104.82647099203068,358.1845727776463,-335.31761612452306,-92.15822183735989,245.7531116649196,-97.4544636266141,181.68193741881856,14.69748779650944 
 01/02  19:00:00,-8.625,0.0,0.0,-34.03206365316788,145.6122354463022,-56.60750556394868,141.83172020991685,-34.09584173880355,103.60102706666211,-38.55796402868406,104.12897192847048,363.255163438198,-340.1873390298365,-100.5762315403731,167.32364141068894,-102.01224973176674,139.4994655152583,14.643962324878903 
 01/02  20:00:00,-10.25,0.0,0.0,-32.19104235263072,159.80609129016344,-55.681621450087164,156.5489366113715,-33.57226286775103,114.2809417539856,-37.35314747140671,114.45048657331485,366.12091757803205,-345.4789698524464,-104.91626346895698,210.2342761422846,-104.78823759789972,201.40862676440167,14.607818174516837 
 01/02  21:00:00,-11.0,0.0,0.0,-30.310949935816893,156.71957951103542,-54.319307635585545,154.0643730892686,-32.76529872796307,112.4172914262135,-35.961911159939376,112.29761835047022,370.1581226215776,-350.36890329594803,-110.12826273205455,181.9833342506921,-109.54196517391499,186.40322805774218,14.565139307238749 
 01/02  22:00:00,-11.0,0.0,0.0,-29.037403679364587,154.87562907285474,-53.215061599130394,152.52400708565057,-32.14821285791624,111.27801089981503,-34.88390507552347,111.03216898293122,374.2212841939927,-354.98404190659835,-113.8695578785209,154.6252741633901,-113.5976842595891,164.3661035823883,14.52340556484176 
 01/02  23:00:00,-11.625,0.0,0.0,-28.62718902402139,162.06768123184082,-52.724470925026736,159.417158912359,-31.96660268517422,116.27264878396348,-34.35258503755826,116.28552891132715,377.6431387602647,-359.4534294983764,-116.02872692174866,149.9605543640723,-116.13597575552218,143.5099949264599,14.48737120741804 
 01/02  24:00:00,-12.0,0.0,0.0,-28.765275366015146,160.71165338553777,-52.60260205359535,158.31793609573393,-32.047491314284756,115.43512763657408,-34.16961719304645,115.36657189036288,380.7988219901458,-363.7039477091255,-117.73772345939597,138.44963451997597,-117.56452597247869,138.55327722972189,14.45462238052944 
